"CODIGO","CATEGORIA","SUBCATEGORIA","DESCRIPCION","STOCK","PROVEEDOR","PRECIO_COMPRA","FECHA_PRECIO","PRECIO_VENTA","CODIGO_PROV"
"AS01","ACEITE SINTETICO","ACEITE SINTETICO","ACEITE SINTETICO RL100 X 8 ONZAS","4","","13500","20/06/2026","30000",""
"AS02","ACEITE SINTETICO","ACEITE SINTETICO","ACEITE SINTETICO RL100 X LITRO","2","THERMO AIR S.A.S.","45000","20/06/2026","90000",""
"AS03","ACEITE SINTETICO","ACEITE SINTETICO","ACEITE SINTETICO RL100 X LITRO ROTULADO","18","","60000","1/04/2026","100000","1120"
"AS04","ACEITE SINTETICO","ACEITE SINTETICO","ACEITE SINTETICO RL100 X GALON","2","","180000","14/05/2026","300000",""
"AS05","ACEITE SINTETICO","ACEITE SINTETICO","ACEITE SINTETICO PAG46 X 8 ONZAS","18","","","","",""
"AP05MF-16C","ACOPLE","MANULI FLANCHE","ACOPLE 7/8 A 90 M16 MANULI FLANCHE","","TRANSAIRE S.A.S.","","","180000",""
"AP05MF-16R","ACOPLE","MANULI FLANCHE","ACOPLE 7/8 RECTO M16 MANULI FLANCHE","","TRANSAIRE S.A.S.","","16/05/2026","180000",""
"AP05MF-16S","ACOPLE","MANULI FLANCHE","ACOPLE 7/8 A 45 M16 MANULI FLANCHE","","TRANSAIRE S.A.S.","","","180000",""
"AP04FL-10S","ACOPLE","MANULI FLER","ACOPLE 5/8 A 45 M10 MANULI FLER","","TRANSAIRE S.A.S.","","","95000",""
"AP05FL-10R","ACOPLE","MANULI FLER","ACOPLE 7/8 RECTO M10 MANULI FLER","","TRANSAIRE S.A.S.","","","",""
"AP06FL-16R","ACOPLE","MANULI FLER","ACOPLE 1 1/8 RECTO M16 MANULI FLER","","TRANSAIRE S.A.S.","","","",""
"AP03MO-10R","ACOPLE","MANULI ORING","ACOPLE 1/2 RECTO M10 MANULI ORING","","TRANSAIRE S.A.S.","","","95000",""
"AP03MO-10S","ACOPLE","MANULI ORING","ACOPLE 1/2 A 45 M10 MANULI ORING","","TRANSAIRE S.A.S.","","","80000","IAC272"
"AP03MO-8C","ACOPLE","MANULI ORING","ACOPLE 1/2 A 90 M8 MANULI ORING","","TRANSAIRE S.A.S.","","","180000","IAC284"
"AP04MO-10C","ACOPLE","MANULI ORING","ACOPLE 5/8 A 90 M10 MANULI ORING","","TRANSAIRE S.A.S.","","14/05/2026","95000","IAC247"
"AP04MO-10R","ACOPLE","MANULI ORING","ACOPLE 5/8 RECTO M10 MANULI ORING","","TRANSAIRE S.A.S.","","","",""
"AP04MO-10S","ACOPLE","MANULI ORING","ACOPLE 5/8 A 45 M10 MANULI ORING","","TRANSAIRE S.A.S.","","","95000","IAC248"
"AP04MO-12C","ACOPLE","MANULI ORING","ACOPLE 5/8 A 90 M12 MANULI ORING","","TRANSAIRE S.A.S.","","","",""
"AP04MO-12R","ACOPLE","MANULI ORING","ACOPLE 5/8 RECTO M12 MANULI ORING","","TRANSAIRE S.A.S.","","","125000","IAC271"
"AP04MO-12S","ACOPLE","MANULI ORING","ACOPLE 5/8 A 45 M12 MANULI ORING","","TRANSAIRE S.A.S.","","","125000","IAC273"
"AP05MO-12C","ACOPLE","MANULI ORING","ACOPLE 7/8 A 90 M12 MANULI ORING","","TRANSAIRE S.A.S.","","","125000","IAC251"
"AP05MO-12R","ACOPLE","MANULI ORING","ACOPLE 7/8 RECTO M12 MANULI ORING","","TRANSAIRE S.A.S.","","","",""
"AP05MO-12S","ACOPLE","MANULI ORING","ACOPLE 7/8 A 45 M12 MANULI ORING","","TRANSAIRE S.A.S.","","","125000","IAC250"
"AP05MO-16R","ACOPLE","MANULI ORING","ACOPLE 7/8 RECTO M16 MANULI ORING","","TRANSAIRE S.A.S.","","","160000","IAC255"
"AL01BO","ALTERNADOR","BOSCH","ALTERNADOR BOSCH 110AMP 24VLT ","","","","","2974000",""
"AL02BO","ALTERNADOR","BOSCH","ALTERNADOR BOSCH 140AMP 24VLT ","","","","","3100000",""
"AL03BO","ALTERNADOR","BOSCH","ALTERNADOR BOSCH 50AMP 24VLT ","","","","","",""
"AL04BO","ALTERNADOR","BOSCH","ALTERNADOR BOSCH 80AMP 24VLT ","","","","","1750000",""
"AL01CO","ALTERNADOR","CORONA","CORONA ALT BOSCH 110AMP 24VLT","","","","","",""
"AL02CO","ALTERNADOR","CORONA","CORONA ALT BOSCH 140AMP 24VLT","","","","","",""
"AL03CO","ALTERNADOR","CORONA","CORONA ALT BOSCH 50AMP 24VLT","","","","","",""
"AL04CO","ALTERNADOR","CORONA","CORONA ALT BOSCH 80AMP 24VLT","","","","","",""
"AL05CO","ALTERNADOR","CORONA","CORONA ALT PRESTOLITE 100AMP 24VLT","","","","","",""
"AL06CO","ALTERNADOR","CORONA","CORONA ALT PRESTOLITE 150AMP 24VLT","","","","","",""
"AL01PD","ALTERNADOR","PORTADIODO","PORTADIODO ALT BOSCH 110AMP 24VLT","","","","","",""
"AL02PD","ALTERNADOR","PORTADIODO","PORTADIODO ALT BOSCH 140AMP 24VLT","","","","","",""
"AL03PD","ALTERNADOR","PORTADIODO","PORTADIODO ALT BOSCH 50AMP 24VLT","","","","","",""
"AL04PD","ALTERNADOR","PORTADIODO","PORTADIODO ALT BOSCH 80AMP 24VLT","","","","","",""
"AL05PD","ALTERNADOR","PORTADIODO","PORTADIODO ALT PRESTOLITE 100AMP 24VLT","","","","","",""
"AL06PD","ALTERNADOR","PORTADIODO","PORTADIODO ALT PRESTOLITE 150AMP 24VLT","","","","","",""
"AL01PL","ALTERNADOR","PRESTOLITE","ALTERNADOR PRESTOLITE 150AMP 24VLT","","","","","",""
"AL02PL","ALTERNADOR","PRESTOLITE","ALTERNADOR PRESTOLITE 100AMP 24VLT","","","","","0",""
"AL01RG","ALTERNADOR","REGULADOR","REGULADOR ALT BOSCH 110AMP 24VLT","","","","","",""
"AL02RG","ALTERNADOR","REGULADOR","REGULADOR ALT BOSCH 140AMP 24VLT","","","","","",""
"AL03RG","ALTERNADOR","REGULADOR","REGULADOR ALT BOSCH 50AMP 24VLT","","","","","",""
"AL04RG","ALTERNADOR","REGULADOR","REGULADOR ALT BOSCH 80AMP 24VLT","","","","","",""
"AL05RG","ALTERNADOR","REGULADOR","REGULADOR ALT PRESTOLITE 100AMP 24VLT","","","","","",""
"AL06RG","ALTERNADOR","REGULADOR","REGULADOR ALT PRESTOLITE 150AMP 24VLT","","","","","",""
"AL01RO","ALTERNADOR","ROTOR","ROTOR ALT BOSCH 110AMP 24VLT","","","","","",""
"AL02RO","ALTERNADOR","ROTOR","ROTOR ALT BOSCH 140AMP 24VLT","","","","","",""
"AL03RO","ALTERNADOR","ROTOR","ROTOR ALT BOSCH 50AMP 24VLT","","","","","",""
"AL04RO","ALTERNADOR","ROTOR","ROTOR ALT BOSCH 80AMP 24VLT","","","","","",""
"AL05RO","ALTERNADOR","ROTOR","ROTOR ALT PRESTOLITE 100AMP 24VLT","","","","","",""
"AL06RO","ALTERNADOR","ROTOR","ROTOR ALT PRESTOLITE 150AMP 24VLT","","","","","",""
"AR01","ARANDELA","ARANDELA","ARANDELA 10MM","","TRANSAIRE","","","300",""
"AR02","ARANDELA","ARANDELA","ARANDELA INFERIOR GRD","","TRANSAIRE","36320","16/06/2026","52000","ZBY281"
"AR03","ARANDELA","ARANDELA","ARANDELA INFERIOR PEQ","","TRANSAIRE","22668","16/06/2026","35000","FTA58Z"
"AR04","ARANDELA","ARANDELA","ARANDELA SUPERIOR GRD","","TRANSAIRE","22012","16/06/2026","35000","ZBY280"
"AR05","ARANDELA","ARANDELA","ARANDELA SUPERIOR PEQ","","TRANSAIRE","16327","16/06/2026","25000","FTA57Z"
"BO01CA","BOBINA","CARRIER","BOBINA COMP CARRIER   ","","","","","",""
"BO01FK","BOBINA","FK","BOBINA COMP FK40 GRD ORIGINAL ","","","","","",""
"BO02FK","BOBINA","FK","BOBINA COMP FK40 GRD REM/FDO ","","","","","230000",""
"BO03FK","BOBINA","FK","BOBINA COMP FK40 PEQ ORIGINAL ","","","","","",""
"BO04FK","BOBINA","FK","BOBINA COMP FK40 PEQ REM/FDO ","","","","","220000",""
"BO01TK","BOBINA","TK","BOBINA COMP TK GRD  ","","","","","",""
"BO02TK","BOBINA","TK","BOBINA COMP TK PEQ  ","","","","","",""
"BO01TM","BOBINA","TM","BOBINA COMP TM21 12VLT  ","","","","","",""
"BO02TM","BOBINA","TM","BOBINA COMP TM21 24VLT  ","","","","","",""
"BO03TM","BOBINA","TM","BOBINA COMP TM31 12VLT  ","","","","","220000",""
"BO04TM","BOBINA","TM","BOBINA COMP TM31 24VLT  ","","","","","",""
"CB01","CABLE","CABLE","CABLE N10","","","","","11000",""
"CB02","CABLE","CABLE","CABLE N14","","","","","4000",""
"CB03","CABLE","CABLE","CABLE N16","","","","","3600",""
"CB04","CABLE","CABLE","CABLE N4","","","","","40000",""
"CP01","CAPSULA","CAPSULA","CAPSULA 1/2","","","","","3000",""
"CP02","CAPSULA","CAPSULA","CAPSULA 13/32","","","","","3000",""
"CP03","CAPSULA","CAPSULA","CAPSULA 5/16","","","","","3000",""
"CP04","CAPSULA","CAPSULA","CAPSULA 5/8","","","","","3000",""
"CP05","CAPSULA","CAPSULA","CAPSULA 7/8","","","","","4000",""
"CP01MN","CAPSULA","MANULI","CAPSULA 1"" 1/8 M20 MANULI","","","","","50000",""
"CP02MN","CAPSULA","MANULI","CAPSULA 1/2 M10 MANULI ","","","","","45000","IAC269"
"CP03MN","CAPSULA","MANULI","CAPSULA 5/16 M8 MANULI","","","","","",""
"CP04MN","CAPSULA","MANULI","CAPSULA 5/8 M12 MANULI ","","","","","45000","IAC266"
"CP05MN","CAPSULA","MANULI","CAPSULA 7/8 M16 MANULI ","","","","","50000","IAC267"
"CH01","CAUCHOS","CAUCHOS","EMPAQUE CAUCHO CON ALMA","","","","","28000",""
"CH02","CAUCHOS","CAUCHOS","EMPAQUE CAUCHO SIN ALMA","","","","","15000",""
"CN01AI","CINTA","AISLANTE","CINTA AISLANTE GRD  ","","","","","5000",""
"CN02AI","CINTA","AISLANTE","CINTA AISLANTE PEQ  ","42","","","","3000",""
"CN01FL","CINTA","FOIL","CINTA FOIL   ","","","","","",""
"CN01PT","CINTA","PRESTITE","CINTA PRESTITE X METRO  ","","","","","7000",""
"CN02PT","CINTA","PRESTITE","CINTA PRESTITE X ROLLO  ","","","","","42000",""
"CN01TF","CINTA","TEFLON","CINTA TEFLON   ","23","","","","1000",""
"CN01VN","CINTA","VINILO","CINTA VINILO   ","13","","","","6000",""
"CO01","CODOS","CODOS","CODO 1/4   ","","","","","4000",""
"CO02","CODOS","CODOS","CODO 3/8   ","","","","","5000",""
"CO03","CODOS","CODOS","CODO 5/16   ","","","","","4000",""
"CO04","CODOS","CODOS","CODO 5/8   ","","","","","5000",""
"CO05","CODOS","CODOS","CODO 7/8   ","","","","","8000",""
"CM01BI","COMPRESOR","BIELA","BIELA COMP BITZER","","","","","",""
"CM02BI","COMPRESOR","BIELA","BIELA COMP BOCK FK40","","","","","",""
"CM03BI","COMPRESOR","BIELA","BIELA COMP BOCK FK50","","","","","",""
"CM01BL","COMPRESOR","BLOQUE","BLOQUE COMP BITZER","","","","","",""
"CM02BL","COMPRESOR","BLOQUE","BLOQUE COMP BOCK FK40/470","","","","","",""
"CM03BL","COMPRESOR","BLOQUE","BLOQUE COMP BOCK FK40/560","","","","","",""
"CM04BL","COMPRESOR","BLOQUE","BLOQUE COMP BOCK FK40/655","","","","","",""
"CM05BL","COMPRESOR","BLOQUE","BLOQUE COMP BOCK FK50/980","","","","","",""
"CM01CG","COMPRESOR","CIGÜEÑAL","CIGÜEÑAL COMP BITZER","","","","","",""
"CM02CG","COMPRESOR","CIGÜEÑAL","CIGÜEÑAL COMP BOCK FK40","","","","","",""
"CM03CG","COMPRESOR","CIGÜEÑAL","CIGÜEÑAL COMP BOCK FK50","","","","","",""
"CM01","COMPRESOR","COMPRESOR","COMPRESOR BITZER","","","","","",""
"CM02","COMPRESOR","COMPRESOR","COMPRESOR BITZER REM/FDO  ","","","","","3100000",""
"CM03","COMPRESOR","COMPRESOR","COMPRESOR BOCK FK40/470","","","","","5000000",""
"CM04","COMPRESOR","COMPRESOR","COMPRESOR BOCK FK40/470 REM/FDO","","","","","4800000",""
"CM05","COMPRESOR","COMPRESOR","COMPRESOR BOCK FK40/560","","","","","",""
"CM06","COMPRESOR","COMPRESOR","COMPRESOR BOCK FK40/560 REM/FDO","","","","","",""
"CM07","COMPRESOR","COMPRESOR","COMPRESOR BOCK FK40/655","","","","","",""
"CM08","COMPRESOR","COMPRESOR","COMPRESOR BOCK FK40/655 REM/FDO","","","","","",""
"CM09","COMPRESOR","COMPRESOR","COMPRESOR BOCK FK50/980","","","","","",""
"CM10","COMPRESOR","COMPRESOR","COMPRESOR BOCK FK50/980 REM/FDO","","","","","",""
"CM11","COMPRESOR","COMPRESOR","COMPRESOR CHEVROLET OPTRA  ","","","","","1100000",""
"CM12","COMPRESOR","COMPRESOR","COMPRESOR HARRISON A6 24VLT ","","","","","1900000",""
"CM13","COMPRESOR","COMPRESOR","COMPRESOR MERCEDES 515 DLTR ","","","","","2750000",""
"CM14","COMPRESOR","COMPRESOR","COMPRESOR MERCEDES 515 TRSR ","","","","","3650000",""
"CM15","COMPRESOR","COMPRESOR","COMPRESOR NISSAN FRONTIER  ","","","","","850000",""
"CM16","COMPRESOR","COMPRESOR","COMPRESOR RENAULT DUSTER  ","","","","","1250000",""
"CM17","COMPRESOR","COMPRESOR","RENAULT MASTER VALEO  ","","","","","1450000",""
"CM18","COMPRESOR","COMPRESOR","COMPRESOR SANDEN 508  ","","","","","1050000",""
"CM19","COMPRESOR","COMPRESOR","COMPRESOR SANDEN 709  ","","","","","1500000",""
"CM20","COMPRESOR","COMPRESOR","COMPRESOR SANDEN 7H15  ","","","","","1750000",""
"CM21","COMPRESOR","COMPRESOR","COMPRESOR TM31 HOMOLOGADO  ","","","","","3600000",""
"CM22","COMPRESOR","COMPRESOR","COMPRESOR TM31 NEVADA  ","","","","","3000000",""
"CM23","COMPRESOR","COMPRESOR","COMPRESOR TM31 VALEO  ","","","","","5500000",""
"CM24","COMPRESOR","COMPRESOR","COMPRESOR VALEO TM21","","","","","2200000",""
"CM01PS","COMPRESOR","PISTON","ANILLO PES PISTON COMP BITZER","","","","","",""
"CM02PS","COMPRESOR","PISTON","ANILLO PES PISTON COMP BOCK FK40/470","","","","","",""
"CM03PS","COMPRESOR","PISTON","ANILLO PES PISTON COMP BOCK FK40/560","","","","","",""
"CM04PS","COMPRESOR","PISTON","ANILLO PES PISTON COMP BOCK FK40/655","","","","","",""
"CM05PS","COMPRESOR","PISTON","ANILLO PES PISTON COMP BOCK FK50/980","","","","","",""
"CM06PS","COMPRESOR","PISTON","ANILLO SIN PES PISTON COMP BITZER","","","","","",""
"CM07PS","COMPRESOR","PISTON","ANILLO SIN PES PISTON COMP BOCK FK40/470","","","","","",""
"CM08PS","COMPRESOR","PISTON","ANILLO SIN PES PISTON COMP BOCK FK40/560","","","","","",""
"CM09PS","COMPRESOR","PISTON","ANILLO SIN PES PISTON COMP BOCK FK40/655","","","","","",""
"CM10PS","COMPRESOR","PISTON","ANILLO SIN PES PISTON COMP BOCK FK50/980","","","","","",""
"CM11PS","COMPRESOR","PISTON","KIT PISTON + BIELA COMP BITZER","","","","","",""
"CM12PS","COMPRESOR","PISTON","KIT PISTON + BIELA COMP BOCK FK40/470","","","","","",""
"CM13PS","COMPRESOR","PISTON","KIT PISTON + BIELA COMP BOCK FK40/560","","","","","",""
"CM14PS","COMPRESOR","PISTON","KIT PISTON + BIELA COMP BOCK FK40/655","","","","","",""
"CM15PS","COMPRESOR","PISTON","KIT PISTON + BIELA COMP BOCK FK50/980","","","","","",""
"CM16PS","COMPRESOR","PISTON","PISTON COMP BITZER","","","","","",""
"CM17PS","COMPRESOR","PISTON","PISTON COMP BOCK FK40/470","","","","","",""
"CM18PS","COMPRESOR","PISTON","PISTON COMP BOCK FK40/560","","","","","",""
"CM19PS","COMPRESOR","PISTON","PISTON COMP BOCK FK40/655","","","","","",""
"CM20PS","COMPRESOR","PISTON","PISTON COMP BOCK FK50/980","","","","","",""
"CM01PV","COMPRESOR","PLATO VALVULA","PLATO VALVULA COMP BITZER","","","","","",""
"CM02PV","COMPRESOR","PLATO VALVULA","PLATO VALVULA COMP BOCK FK40/FK50","","","","","",""
"CM03PV","COMPRESOR","PLATO VALVULA","PLATO VALVULA COMP 709","","","","","70000",""
"CM01RD","COMPRESOR","RODILLO","RODILLO COMP BITZER","3","","","","220000",""
"CM02RD","COMPRESOR","RODILLO","RODILLO COMP BOCK FK40","2","RODAMEC","","","220000",""
"CM03RD","COMPRESOR","RODILLO","RODILLO COMP BOCK FK50","","","","","",""
"CM01SL","COMPRESOR","SELLO","SELLO COMP BITZER","","","","","",""
"CM02SL","COMPRESOR","SELLO","SELLO COMP BOCK FK40","","","","","600000",""
"CM03SL","COMPRESOR","SELLO","SELLO COMP BOCK FK50","","","","","",""
"CM04SL","COMPRESOR","SELLO","SELLO COMP SANDEN 709","","","","","25000",""
"CR01PK","CORREAS","8PK","CORREA 8PK 1500 DAIYCO ","","","","","",""
"CR02PK","CORREAS","8PK","CORREA 8PK 1815 DAIYCO ","","","","","",""
"CR03PK","CORREAS","8PK","CORREA 8PK 2215HD DONGFEN ","","","","","",""
"CR01AX","CORREAS","AX","CORREA AX 24 GATES ","","","","","55000",""
"CR02AX","CORREAS","AX","CORREA AX 35 GATES ","","","","","70000",""
"CR03AX","CORREAS","AX","CORREA AX 36 GATES ","","","","","75000",""
"CR04AX","CORREAS","AX","CORREA AX 37 GATES ","","","","","75000",""
"CR05AX","CORREAS","AX","CORREA AX 38 GATES ","","","","","75000",""
"CR06AX","CORREAS","AX","CORREA AX 41 GATES","","","","","90000",""
"CR01BX","CORREAS","BX","CORREA BX 26 GATES ","","","","","90000",""
"CR02BX","CORREAS","BX","CORREA BX 36 GATES ","","","","","",""
"CR03BX","CORREAS","BX","CORREA BX 37 GATES ","","","","","85000",""
"CR04BX","CORREAS","BX","CORREA BX 38 GATES ","","","","","",""
"CR05BX","CORREAS","BX","CORREA BX 39 GATES ","","","","","84000",""
"CR06BX","CORREAS","BX","CORREA BX 40 GATES ","","","","","85000",""
"CR07BX","CORREAS","BX","CORREA BX 44 GATES ","","","","","105000",""
"CR08BX","CORREAS","BX","CORREA BX 46 GATES ","","","","","",""
"CR09BX","CORREAS","BX","CORREA BX 54 GATES ","","","","","",""
"CR10BX","CORREAS","BX","CORREA BX 55 GATES ","","","","","120000",""
"CR11BX","CORREAS","BX","CORREA BX 56 GATES ","","","","","105000",""
"CR12BX","CORREAS","BX","CORREA BX 57 GATES ","","","","","120000",""
"CR13BX","CORREAS","BX","CORREA BX 58 GATES ","","","","","130000",""
"CR14BX","CORREAS","BX","CORREA BX 59 GATES ","","","","","130000",""
"CR15BX","CORREAS","BX","CORREA BX 60 GATES ","","","","","130000",""
"CR16BX","CORREAS","BX","CORREA BX 62 GATES ","","","","","",""
"CR17BX","CORREAS","BX","CORREA BX 65 GATES ","","","","","130000",""
"CR18BX","CORREAS","BX","CORREA BX 67 GATES ","","","","","130000",""
"CR19BX","CORREAS","BX","CORREA BX 69 GATES ","","","","","160000",""
"CR20BX","CORREAS","BX","CORREA BX 82 DOBLE ","","","","","540000",""
"CR21BX","CORREAS","BX","CORREA BX 83 DOBLE ","","","","","540000",""
"CR22BX","CORREAS","BX","CORREA BX 88 DOBLE ","","","","","390000",""
"CR23BX","CORREAS","BX","CORREA BX 27 GATES","","","","","70000",""
"EL01CO","ELECTRICO","CONECTORES","CONECTOR 2 VIAS  ","","","","","3000",""
"EL02CO","ELECTRICO","CONECTORES","CONECTOR 6 VIAS  ","","","","","8000",""
"EL03CO","ELECTRICO","CONECTORES","CONECTOR 8 VIAS  ","","","","","10000",""
"EL04CO","ELECTRICO","CONECTORES","CONECTOR 9 VIAS  ","","","","","22000",""
"EL01FU","ELECTRICO","FUSIBLE","FUSIBLE 5 AMP","","","","","35000",""
"EL03FU","ELECTRICO","FUSIBLE","FUSIBLE 15 AMP","","","","","2000",""
"EL10FU","ELECTRICO","FUSIBLE","FUSIBLE 150 AMP","","","","","35000","19PA002"
"EL04FU","ELECTRICO","FUSIBLE","FUSIBLE 20 AMP","","","","","2000",""
"EL05FU","ELECTRICO","FUSIBLE","FUSIBLE 25 AMP","","","","","2000",""
"EL06FU","ELECTRICO","FUSIBLE","FUSIBLE 30 AMP","","","","","2000",""
"EL07FU","ELECTRICO","FUSIBLE","FUSIBLE 40 AMP","","","1000","20/06/2026","1500","FUSIBLE ATO 40 AMP HELLA"
"EL01FV","ELECTRICO","FUSIBLE VIDRIO","FUSIBLE DE VIDRIO 15 AMP","","","","","1500",""
"EL09FU","ELECTRICO","FUSIBLE","FUSIBLE MACHO 100 AMP","","","","","",""
"EL02FU","ELECTRICO","FUSIBLE","FUSIBLE 10 AMP","","","","","2000",""
"EL12PO","ELECTRICO","PORTA","PORTA RELAY   ","","","","","12000",""
"EL01PF","ELECTRICO","PORTAFUSIBLERA","PORTA FUSIBLERA","","","","","50000",""
"EL02PF","ELECTRICO","PORTAFUSIBLERA","PORTA FUSIBLERA MEGA","","","","","117000",""
"EL01PR","ELECTRICO","PRESOSTATO","PRESOSTATO DESCARGA 275 PSI DANFOSS","2","","","","160000",""
"EL02PR","ELECTRICO","PRESOSTATO","PRESOSTATO DESCARGA 350 PSI DANFOSS","8","","","","180000",""
"EL03PR","ELECTRICO","PRESOSTATO","PRESOSTATO SUCCION DANFOSS","2","","","","160000",""
"EL01RL","ELECTRICO","RELAY","RELAY 12VLT TYCO  ","12","","","","40000",""
"EL02RL","ELECTRICO","RELAY","RELAY 24VLT TYCO  ","35","","","","40000",""
"EL03RL","ELECTRICO","RELAY","RELAY MINI","","","","","20000",""
"EL01SM","ELECTRICO","SENS TEMPERATURA","CONTROL TEMPERATURA FULL GAUGE  ","","","","","228000",""
"EL03SM","ELECTRICO","SENS TEMPERATURA","SENSOR TEMPERATURA   ","4","","","","90000",""
"EL01SW","ELECTRICO","SWITCH","SWITCH 2 POSICIONES","","","","","15000",""
"EL02SW","ELECTRICO","SWITCH","SWITCH 3 POSICIONES","","","","","35000",""
"EL03SW","ELECTRICO","SWITCH","SWITCH 5 POSICIONES","","","","","20000",""
"EL04SW","ELECTRICO","SWITCH","SWITCH AC","","","","","25000",""
"EL01TE","ELECTRICO","TARJETA ELEC","TARJETA FUSIBLERA","","","","","1300000",""
"EL02TE","ELECTRICO","TARJETA ELEC","TARJETA ELECTRONICA GLOBUS","","TRANSAIRE S.A.S.","","15/05/2026","856000","TER31"
"EL03TE","ELECTRICO","TARJETA ELEC","TARJETA CONTROL FUSIBLERA SPRINTER","","","","","0",""
"EL04TM","ELECTRICO","TERMINAL","TERMINAL 100 AMP TP","","","","","12000","ECT02"
"EL05TM","ELECTRICO","TERMINAL","TERMINAL 150 AMP  ","","","","","6000",""
"EL06TM","ELECTRICO","TERMINAL","TERMINAL 3/16","","","","","500",""
"EL07TM","ELECTRICO","TERMINAL","TERMINAL ENCHUFE AISLADO","","","","","2000",""
"EL08TM","ELECTRICO","TERMINAL","TERMINAL ENFUCHE HEMBRA","","","","","1000",""
"EL09TM","ELECTRICO","TERMINAL","TERMINAL ENFUCHE HEMBRA COBRE","","","","","2000",""
"EL10TM","ELECTRICO","TERMINAL","TERMINAL ENFUCHE MACHO","","","","","2000",""
"EL11TM","ELECTRICO","TERMINAL","TERMINAL HEMBRA AISLADO","","","","","2000",""
"EL12TM","ELECTRICO","TERMINAL","TERMINAL OJO 1/4  ","","","","","1000",""
"EL13TM","ELECTRICO","TERMINAL","TERMINAL OJO 5/16  ","","","","","1000",""
"EL14TM","ELECTRICO","TERMINAL","TERMINAL POTENCIA AISLADO","","","","","2000",""
"EM01EM","EMPAQUETADURA","EMPAQUE","EMPAQUE CARTER FK40/FK50","","","","","12000",""
"EM02EM","EMPAQUETADURA","EMPAQUE","EMPAQUE CULATA DESCARGA COMP BITZER","","","","","",""
"EM03EM","EMPAQUETADURA","EMPAQUE","EMPAQUE CULATA DESCARGA COMP FK40/FK50","","","","","",""
"EM04EM","EMPAQUETADURA","EMPAQUE","EMPAQUE CULATA SUCCION COMP BITZER","","","","","",""
"EM05EM","EMPAQUETADURA","EMPAQUE","EMPAQUE CULATA SUCCION COMP FK40/FK50","","","","","12000",""
"EM06EM","EMPAQUETADURA","EMPAQUE","EMPAQUE MANIFOLD","","","","","3000",""
"EM07EM","EMPAQUETADURA","EMPAQUE","EMPAQUE MANIFOLD REDONDO","","","","","2500",""
"EM01","EMPAQUETADURA","EMPAQUETADURA","EMPAQUETADURA COMPRESOR FK40","","","","","140000",""
"EM02","EMPAQUETADURA","EMPAQUETADURA","EMPAQUETADURA COMPRESOR FK50","","","","","180000",""
"EM03","EMPAQUETADURA","EMPAQUETADURA","EMPAQUETADURA PLATO VALVULA 709","","","","","30000",""
"EM04","EMPAQUETADURA","EMPAQUETADURA","EMPAQUETADURA SELLO FK40/FK50","","","","","20000",""
"FL01RE","FILTRO","RETORNO","FILTRO RETORNO   ","","","","","40000",""
"FL01SE","FILTRO","SECADOR","FILTRO SECADOR 083  ","1","","","","85000",""
"FL02SE","FILTRO","SECADOR","FILTRO SECADOR 084  ","2","","","","85000",""
"FL03SE","FILTRO","SECADOR","FILTRO SECADOR 163  ","3","","","","90000",""
"FL04SE","FILTRO","SECADOR","FILTRO SECADOR 164  ","8","","","","90000",""
"FL05SE","FILTRO","SECADOR","FILTRO SECADOR 165  ","2","","","","90000",""
"FL06SE","FILTRO","SECADOR","FILTRO SECADOR 304  ","1","","","","145000",""
"FL07SE","FILTRO","SECADOR","FILTRO SECADOR 305  ","","","","","145000",""
"FL08SE","FILTRO","SECADOR","FILTRO SECADOR CABINA MERCEDES 515","","","","","",""
"FL09SE","FILTRO","SECADOR","FILTRO SECADOR DLTR MERCEDES 515","","","","","90000",""
"FL10SE","FILTRO","SECADOR","FILTRO SECADOR OPTRA CHEVROLET ","","","","","60000",""
"FL11SE","FILTRO","SECADOR","FILTRO SECADOR ORING  ","4","","","","30000",""
"FL12SE","FILTRO","SECADOR","FILTRO SECADOR ORING GRD ","","","","","80000",""
"FL13SE","FILTRO","SECADOR","FILTRO SECADOR TRSR MERCEDES 515","","","","","150000",""
"FT01AC-C","FITTING","ALUMINIO CAPS","FITTING 5/16 A 90 ALUMINIO CAPS ","","","","","12000",""
"FT01AC-R","FITTING","ALUMINIO CAPS","FITTING 5/16 RECTO ALUMINIO CAPS ","","","","","12000",""
"FT01AC-S","FITTING","ALUMINIO CAPS","FITTING 5/16 A 45 ALUMINIO CAPS ","","","","","12000",""
"FT02AC-C","FITTING","ALUMINIO CAPS","FITTING 13/32 A 90 ALUMINIO CAPS ","","","","","12000",""
"FT02AC-R","FITTING","ALUMINIO CAPS","FITTING 13/32 RECTO ALUMINIO CAPS ","","","","","12000",""
"FT02AC-S","FITTING","ALUMINIO CAPS","FITTING 13/32 A 45 ALUMINIO CAPS ","","","","","12000",""
"FT03AC-C","FITTING","ALUMINIO CAPS","FITTING 1/2 A 90 ALUMINIO CAPS ","","","","","12000",""
"FT03AC-R","FITTING","ALUMINIO CAPS","FITTING 1/2 RECTO ALUMINIO CAPS ","","","","","12000",""
"FT03AC-S","FITTING","ALUMINIO CAPS","FITTING 1/2 A 45 ALUMINIO CAPS ","","","","","12000",""
"FT01AF-C","FITTING","ALUMINIO FLER","FITTING 5/16 A 90 ALUMINIO FLER","","","","","0",""
"FT01AF-S","FITTING","ALUMINIO FLER","FITTING 5/16 A 45 ALUMINIO FLER","","","7000","30/03/2026","12000",""
"FT02AF-C","FITTING","ALUMINIO FLER","FITTING 13/32 A 90 ALUMINIO FLER","","","7000","1/04/2026","12000",""
"FT03AF-C","FITTING","ALUMINIO FLER","FITTING 1/2 A 90 ALUMINIO FLER","","","7000","31/03/2026","12000",""
"FT01AO-C","FITTING","ALUMINIO ORING","FITTING 5/16 A 90 ALUMINIO ORING","","","","","20000",""
"FT01AO-R","FITTING","ALUMINIO ORING","FITTING 5/16 RECTO ALUMINIO ORING","","","","","6000",""
"FT01AO-S","FITTING","ALUMINIO ORING","FITTING 5/16 A 45 ALUMINIO ORING","","","","","6000",""
"FT02AO-C","FITTING","ALUMINIO ORING","FITTING 13/32 A 90 ALUMINIO ORING","","","","","6000",""
"FT02AO-R","FITTING","ALUMINIO ORING","FITTING 13/32 RECTO ALUMINIO ORING","","","","","6000",""
"FT02AO-S","FITTING","ALUMINIO ORING","FITTING 13/32 A 45 ALUMINIO ORING","","","","","6000",""
"FT03AO-C","FITTING","ALUMINIO ORING","FITTING 1/2 A 90 ALUMINIO ORING","","","","","6000",""
"FT03AO-R","FITTING","ALUMINIO ORING","FITTING 1/2 RECTO ALUMINIO ORING","","","","","6000",""
"FT03AO-S","FITTING","ALUMINIO ORING","FITTING 1/2 A 45 ALUMINIO ORING","","","","","6000",""
"FT01HO-C","FITTING","HIERRO ORING","FITTING 5/16 A 90 HIERRO ORING","","","","","20000",""
"FT01HO-R","FITTING","HIERRO ORING","FITTING 5/16 RECTO HIERRO ORING","","","","","20000",""
"FT01HO-S","FITTING","HIERRO ORING","FITTING 5/16 A 45 HIERRO ORING","","","","","20000",""
"FT02HO-C","FITTING","HIERRO ORING","FITTING 13/32 A 90 HIERRO ORING","","","","","20000",""
"FT02HO-R","FITTING","HIERRO ORING","FITTING 13/32 RECTO HIERRO ORING","","","","","20000",""
"FT02HO-S","FITTING","HIERRO ORING","FITTING 13/32 A 45 HIERRO ORING","","","","","20000",""
"FT03HO-C","FITTING","HIERRO ORING","FITTING 1/2 A 90 HIERRO ORING","","","","","20000",""
"FT03HO-R","FITTING","HIERRO ORING","FITTING 1/2 RECTO HIERRO ORING","","","","","20000",""
"FT03HO-S","FITTING","HIERRO ORING","FITTING 1/2 A 45 HIERRO ORING","","","","","20000",""
"FT03PF-10C","FITTING","TIPO PESADO FLER","FITTING 1/2 A 90 M10 TP FLER","","TRANSAIRE S.A.S.","68916","15/05/2026","110000","IAC150"
"FT03PF-10R","FITTING","TIPO PESADO FLER","FITTING 1/2 RECTO M10 TP FLER","","TRANSAIRE S.A.S.","","","90000","IAC08"
"FT04PF-12R","FITTING","TIPO PESADO FLER","FITTING 5/8 RECTO M12 TP FLER","","TRANSAIRE S.A.S.","","","90000","IAC31"
"FT03PO-10C","FITTING","TIPO PESADO ORING","FITTING 1/2 A 90 M10 TP ORING","","TRANSAIRE S.A.S.","","","75000","IAC142"
"FT03PO-10R","FITTING","TIPO PESADO ORING","FITTING 1/2 RECTO M10 TP ORING","","TRANSAIRE S.A.S.","","","75000","IAC152"
"FT03PO-10S","FITTING","TIPO PESADO ORING","FITTING 1/2 A 45 M10 TP ORING","","TRANSAIRE S.A.S.","","","75000","IAC154"
"FT03PO-8C","FITTING","TIPO PESADO ORING","FITTING 1/2 A 90 M8 TP ORING","","TRANSAIRE S.A.S.","","","65000","IAC137"
"FT03PO-8R","FITTING","TIPO PESADO ORING","FITTING 1/2 RECTO M8 TP ORING","","TRANSAIRE S.A.S.","","","65000","IAC144"
"FT03PO-8S","FITTING","TIPO PESADO ORING","FITTING 1/2 A 45 M8 TP ORING","","TRANSAIRE S.A.S.","","","65000","IAC147"
"FT04PO-10C","FITTING","TIPO PESADO ORING","FITTING 5/8 A 90 M10 TP ORING","","TRANSAIRE S.A.S.","","","70000","IAC143"
"FT04PO-10R","FITTING","TIPO PESADO ORING","FITTING 5/8 RECTO M10 TP ORING","","TRANSAIRE S.A.S.","","","70000","IAC145"
"FT04PO-10S","FITTING","TIPO PESADO ORING","FITTING 5/8 A 45 M10 TP ORING","","TRANSAIRE S.A.S.","","","70000","IAC148"
"FT04PO-12C","FITTING","TIPO PESADO ORING","FITTING 5/8 A 90 M12 TP ORING","","TRANSAIRE S.A.S.","","","90000","IAC153"
"FT04PO-12R","FITTING","TIPO PESADO ORING","FITTING 5/8 RECTO M12 TP ORING","","TRANSAIRE S.A.S.","","","90000",""
"FT04PO-12S","FITTING","TIPO PESADO ORING","FITTING 5/8 A 45 M12 TP ORING","","TRANSAIRE S.A.S.","","","90000","IAC151"
"FX01","FLEXICON","FLEXICON","FLEXICON 1/2   ","","","","","3000",""
"FX02","FLEXICON","FLEXICON","FLEXICON 1/4   ","","","","","3500",""
"FX03","FLEXICON","FLEXICON","FLEXICON 3/16   ","","","","","3500",""
"FX04","FLEXICON","FLEXICON","FLEXICON 5/16   ","","","","","2500",""
"FX05","FLEXICON","FLEXICON","FLEXICON 5/8   ","","","","","",""
"EL01FX","ELECTRICO","FUSIBLE MAXI","FUSIBLE MAXI 20 AMP ","","","","","10000",""
"EL02FX","ELECTRICO","FUSIBLE MAXI","FUSIBLE MAXI 60 AMP ","","","","","10000",""
"EL03FX","ELECTRICO","FUSIBLE MAXI","FUSIBLE MAXI 70 AMP ","","","","","",""
"EL04FX","ELECTRICO","FUSIBLE MAXI","FUSIBLE MAXI 80 AMP ","","","","","",""
"EL01FG","ELECTRICO","FUSIBLE MEGA","FUSIBLE MEGA 125 AMP ","","","","","40000",""
"EL02FG","ELECTRICO","FUSIBLE MEGA","FUSIBLE MEGA 150 AMP ","","","","","",""
"GR01","GAS REFRIGERANTE","GAS REFRIGERANTE","GAS R-134 X CILINDRO  ","","MINERVINE Y KARAMAN CIA S A S","580000","13/05/2026","910000","000334P"
"GR02","GAS REFRIGERANTE","GAS REFRIGERANTE","GAS R-134 X LIBRA  ","","","","","35000",""
"GR03","GAS REFRIGERANTE","GAS REFRIGERANTE","GAS R-134 X POTE  ","20","","","","25000",""
"GR04","GAS REFRIGERANTE","GAS REFRIGERANTE","GAS R-404 X LIBRA  ","","","","","30000",""
"GM01","GOMA","GOMA","GOMA BOXER GARRAFA","","","","","",""
"GM02","GOMA","GOMA","GOMA BOXER X 8 ONZAS","6","","","","8000",""
"HR01","HERRAJES","HERRAJES","BASE POLEA PATIN ALT","","TRANSAIRE S.A.S.","","","60000","SHZ149Z"
"HR02","HERRAJES","HERRAJES","BASE POLEA PATIN COM","","TRANSAIRE S.A.S.","","","210000","ZLY297Z"
"HR03","HERRAJES","HERRAJES","POLEA SOBREDAMPER FRR","","TRANSAIRE S.A.S.","320068","","465000","OPN230"
"HR04","HERRAJES","HERRAJES","TENSOR CORREA ALT","","TRANSAIRE S.A.S.","","","50000",""
"HR05","HERRAJES","HERRAJES","TENSOR CORREA COM","","TRANSAIRE S.A.S.","","","60000",""
"HR01RS","HERRAJES","RESORTE","RESORTE COMPRESION GRD","","TRANSAIRE S.A.S.","59400,16","27/03/2026","90000","ETC141"
"HR02RS","HERRAJES","RESORTE","RESORTE COMPRESION PEQ  ","","TRANSAIRE S.A.S.","41151","16/06/2026","75000","ETC146"
"LQ01AE","LIQUIDOS","AEREOSOL","AEREOSOL AZUL","","","","","",""
"LQ02AE","LIQUIDOS","AEREOSOL","AEREOSOL DORADO","","","","","",""
"LQ03AE","LIQUIDOS","AEREOSOL","AEREOSOL NEGRO","","","","","",""
"LQ01LM","LIQUIDOS","LIMPIADOR","DESINCRUSTANTE ALUM TECHNOCLEAN  1L","12","BRAUN GRUPO EMPRESARIAL S.A.S.","14575","15/05/2026","25000","TC-0001"
"LQ02LM","LIQUIDOS","LIMPIADOR","DESINCRUSTANTE ALUMINIO 500ML","","","","","15000",""
"LQ03LM","LIQUIDOS","LIMPIADOR","LIMPIADOR DE SISTEMAS TECHNOTRON 1L","","BRAUN GRUPO EMPRESARIAL S.A.S.","19950","15/05/2026","40000","TN-0001"
"LQ04LM","LIQUIDOS","LIMPIADOR","LIMPIADOR DE SISTEMAS","","","","","35000",""
"LQ01PR","LIQUIDOS","PROTECTOR","PROTECTOR UV3","","","","","",""
"LQ01QM","LIQUIDOS","QUIMICO","SODA CAUSTICA","","","","","",""
"MN01","MANGUERA","MANGUERA","MANGUERA 1/2","","","","","35000",""
"MN02","MANGUERA","MANGUERA","MANGUERA 13/32","","","","","30000",""
"MN03","MANGUERA","MANGUERA","MANGUERA 5/16","","","","","25000",""
"MN04","MANGUERA","MANGUERA","MANGUERA AEROQUIP 5/8","","","","","95000",""
"MN05","MANGUERA","MANGUERA","MANGUERA CORAZA","","","","","30000",""
"MN06","MANGUERA","MANGUERA","MANGUERA DRENAJE","","","","","7000",""
"MN07","MANGUERA","MANGUERA","MANGUERA HIDRAULICA","","","","","150000",""
"MN08","MANGUERA","MANGUERA","MANGUERA PARKER 1/2","","","","","42000",""
"MN09","MANGUERA","MANGUERA","MANGUERA PARKER 5/8","","","","","",""
"MN01MA","MANGUERA","MANULI","MANGUERA MANULI 1 1/8","","","121426,35","27/03/2026","210000","MRI01"
"MN02MA","MANGUERA","MANULI","MANGUERA MANULI 7/8","","","","","160000","MRI02"
"MT04HL","MOTOR","HELICE","HELICE MOTOR SPAL","","","","","35000",""
"MT01HL","MOTOR","HELICE","HELICE MOTOR DONGING ALUMINIO","","","","","85000","VSC24"
"MT03HL","MOTOR","HELICE","ASPA MOTOR BLOWER DONGING","","","","","180000","VSC26"
"MT02HL","MOTOR","HELICE","HELICE MOTOR DONGING","","","","","160000","VSC25"
"MT01BL","MOTOR","BLOWER","MOTOR BLOWER AIRE CABINA ","","","","","420000",""
"MT02BL","MOTOR","BLOWER","MOTOR BLOWER HINO CHEVROLET  ","","","","","490000",""
"MT03BL","MOTOR","BLOWER","MOTOR BLOWER MERCEDES 515 ","","","","","490000",""
"MT04BL","MOTOR","BLOWER","MOTOR BLOWER RENAULT DUSTER ","","","","","420000",""
"MT05BL","MOTOR","BLOWER","MOTOR BLOWER RENAULT MASTER ","","","","","",""
"MT06BL","MOTOR","BLOWER","MOTOR BLOWER SPRINTER 413 ","","","","","455000",""
"MT01CA","MOTOR","CAMAROTE","MODULO EVAPORADOR AIRE CAMAROTE","","","","","560000",""
"MT02CA","MOTOR","CAMAROTE","MOTOR AIRE CAMAROTE  ","","","","","150000",""
"MT01CO","MOTOR","CONDENSADOR","MOTOR CONDENSADOR 3 SOPORTE 24VLT ","","TRANSAIRE","","","365000","VSC38"
"MT02CO","MOTOR","CONDENSADOR","MOTOR CONDENSADOR DONGING 12VLT PEQ","","","","","365000",""
"MT03CO","MOTOR","CONDENSADOR","MOTOR CONDENSADOR DONGING 24VLT PEQ","","TRANSAIRE S.A.S","202800","9/06/2026","360000","VSE07"
"MT04CO","MOTOR","CONDENSADOR","MOTOR CONDENSADOR HOMOLOGADO 12VLT GRD","","","","","280000",""
"MT05CO","MOTOR","CONDENSADOR","MOTOR CONDENSADOR HOMOLOGADO 24VLT GRD","","","","","280000",""
"MT06CO","MOTOR","CONDENSADOR","MOTOR CONDENSADOR 12VLT REM/FDO ","","","","","170000",""
"MT07CO","MOTOR","CONDENSADOR","MOTOR CONDENSADOR 24VLT REM/FDO ","2","","","","170000",""
"MT08CO","MOTOR","CONDENSADOR","MOTOR CONDENSADOR 12VLT SPAL","2","","","","610000",""
"MT09CO","MOTOR","CONDENSADOR","MOTOR CONDENSADOR 24VLT SPAL","4","","","","610000",""
"MT01ES","MOTOR","ESCOBILLA","ESCOBILLA ALTERNADOR   ","","","","","15000",""
"MT02ES","MOTOR","ESCOBILLA","ESCOBILLA MOTOR CONDENSADOR  ","","","","","6000",""
"MT03ES","MOTOR","ESCOBILLA","ESCOBILLA MOTOR EVAPORADOR  ","","","","","6000",""
"MT04ES","MOTOR","ESCOBILLA","ESCOBILLA MOTOR TK-RT  ","","","","","20000",""
"MT01EV","MOTOR","EVAPORADOR","MOTOR EVAPORADOR 4 SOPORTE 24VLT","","TRANSAIRE","","","","VSC23"
"MT02EV","MOTOR","EVAPORADOR","MOTOR EVAPORADOR AIRE CAMAROTE ","","","","","150000",""
"MT03EV","MOTOR","EVAPORADOR","MOTOR EVAPORADOR CARCASA  ","","","","","35000",""
"MT04EV","MOTOR","EVAPORADOR","MOTOR EVAPORADOR HOMOLOGADO 12VLT GRD","","","","","",""
"MT05EV","MOTOR","EVAPORADOR","MOTOR EVAPORADOR HOMOLOGADO 24VLT GRD","","","","","220000",""
"MT06EV","MOTOR","EVAPORADOR","MOTOR EVAPORADOR 12VLT SPAL","","","","","610000",""
"MT07EV","MOTOR","EVAPORADOR","MOTOR EVAPORADOR 12VLT SPAL PEQ","","","","","420000",""
"MT08EV","MOTOR","EVAPORADOR","MOTOR EVAPORADOR 24VLT SPAL","3","","","","610000",""
"MT09EV","MOTOR","EVAPORADOR","MOTOR EVAPORADOR 24VLT SPAL PEQ","","","","","420000",""
"MT10EV","MOTOR","EVAPORADOR","MOTOR EVAPORADOR 12VLT REM/FDO ","","","","","180000",""
"MT11EV","MOTOR","EVAPORADOR","MOTOR EVAPORADOR 24VLT REM/FDO ","5","","","","180000",""
"MT01RJ","MOTOR","REJILLA","REJILLA LATERAL MODULO CONDENSADOR","","","","","50000",""
"MT02RJ","MOTOR","REJILLA","REJILLA MOTOR CONDENSADOR CUADRADA ","","","33613","31/03/2026","90000","REJILLA NILON NUEVO MODELO "
"MT03RJ","MOTOR","REJILLA","REJILLA MOTOR CONDENSADOR REDONDA ","","","32000","31/03/2026","80000","REJILLA DE NYLON TRANSAIRE "
"MT01SP","MOTOR","SOPORTE","SOPORTE ACERO CONDENSADOR QRX30 ","","","","","755000",""
"MT02SP","MOTOR","SOPORTE","SOPORTE ACERO CONDENSADOR QRX40 ","","","","","675000",""
"MT03SP","MOTOR","SOPORTE","SOPORTE ACERO TORNILLO TAPA ","","","","","25000","ZLH08E"
"NT01","NITROGENO","NITROGENO","CARGA NITROGENO   ","","","","","40000",""
"OR01","ORING","ORING","KIT ORING  ","","","","","64000",""
"OR02","ORING","ORING","ORING 1"" 1/18","","","","","2000",""
"OR03","ORING","ORING","ORING 1/2   ","","","","","1500",""
"OR04","ORING","ORING","ORING 13/32   ","","","","","1500","O110"
"OR05","ORING","ORING","ORING 5/16   ","","","","","1000",""
"OR06","ORING","ORING","ORING 5/8   ","","","","","2000",""
"OR07","ORING","ORING","ORING 7/8   ","","","","","2000",""
"OR08","ORING","ORING","ORING PLATO VALVULA  ","","","","","4000",""
"OR09","ORING","ORING","ORING SELLO   ","","","","","10000",""
"OR10","ORING","ORING","ORING TAPA   ","","","","","5000",""
"OR11","ORING","ORING","ORING VISOR   ","","","","","",""
"OR12","ORING","ORING","ORING VISOR FK40  ","","","","","3000",""
"PN01CO","PANALES","CONDENSADOR","PANAL CONDENSADOR MERCEDES 515 DLNT","","","","","390000",""
"PN02CO","PANALES","CONDENSADOR","PANAL CONDENSADOR QRX20 COMPLETO","","","","","",""
"PN03CO","PANALES","CONDENSADOR","PANAL CONDENSADOR QRX20 DLTR","","","","","",""
"PN04CO","PANALES","CONDENSADOR","PANAL CONDENSADOR QRX20 TRSR","","","","","",""
"PN05CO","PANALES","CONDENSADOR","PANAL CONDENSADOR QRX30 COMPLETO","","","","","",""
"PN06CO","PANALES","CONDENSADOR","PANAL CONDENSADOR QRX30 DLTR","","","","","",""
"PN07CO","PANALES","CONDENSADOR","PANAL CONDENSADOR QRX30 TRSR","","","","","",""
"PN08CO","PANALES","CONDENSADOR","PANAL CONDENSADOR QRX40 COMPLETO","","","","","","PCD17"
"PN09CO","PANALES","CONDENSADOR","PANAL CONDENSADOR QRX40 DLTR","","","","","",""
"PN10CO","PANALES","CONDENSADOR","PANAL CONDENSADOR QRX40 TRSR","","","","","",""
"PN11CO","PANALES","CONDENSADOR","PANAL CONDENSADOR RENAULT DUSTER ","","","","","290000",""
"PN12CO","PANALES","CONDENSADOR","PANAL CONDENSADOR RENAULT MASTER ","","","","","340000",""
"PN13CO","PANALES","CONDENSADOR","PANAL CONDENSADOR YOUNTONG  ","","","","","2450000",""
"PN01EV","PANALES","EVAPORADOR","PANAL EVAP DLTR SCANIA/HINO DER","","","","","280000","003"
"PN02EV","PANALES","EVAPORADOR","PANAL EVAP DLTR SCANIA/HINO IZQ","","","","","280000","001"
"PN03EV","PANALES","EVAPORADOR","PANAL EVAPORADOR MERCEDES 515 DLTR","","","","","",""
"PN04EV","PANALES","EVAPORADOR","PANAL EVAPORADOR MERCEDES 515 TRSR","","","","","",""
"PN05EV","PANALES","EVAPORADOR","PANAL EVAPORADOR QRX20 COMPLETO","","TRANSAIRE S.A.S.","2070193,94","30/03/2026","","PED17"
"PN06EV","PANALES","EVAPORADOR","PANAL EVAPORADOR QRX20 DLTR","","","","","0",""
"PN07EV","PANALES","EVAPORADOR","PANAL EVAPORADOR QRX20 TRSR","","","","","0",""
"PN08EV","PANALES","EVAPORADOR","PANAL EVAPORADOR QRX30 COMPLETO ","","TRANSAIRE S.A.S.","2538737,81","30/03/2026","","PCD26"
"PN09EV","PANALES","EVAPORADOR","PANAL EVAPORADOR QRX30 DLTR ","","","","","",""
"PN10EV","PANALES","EVAPORADOR","PANAL EVAPORADOR QRX30 TRSR ","","","","","",""
"PN11EV","PANALES","EVAPORADOR","PANAL EVAPORADOR QRX40 COMPLETO ","","TRANSAIRE S.A.S.","","","1567000","PED13"
"PN12EV","PANALES","EVAPORADOR","PANAL EVAPORADOR QRX40 DLTR ","","","","","",""
"PN13EV","PANALES","EVAPORADOR","PANAL EVAPORADOR QRX40 TRSR ","","","","","",""
"PN14EV","PANALES","EVAPORADOR","PANAL EVAPORADOR RENAULT DUSTER ","","","","","240000",""
"PN15EV","PANALES","EVAPORADOR","PANAL EVAPORADOR RENAULT MASTER DLTR","","","","","340000",""
"PN16EV","PANALES","EVAPORADOR","PANAL EVAPORADOR SPRINTER 413 ","","","","","",""
"PN17EV","PANALES","EVAPORADOR","PANAL EVAPORADOR W PLUS","","TRANSAIRE S.A.S.","1780240","22/05/2026","","PED05"
"PO01AL","POLEA","ALTERNADOR","POLEA ALT BOSCH 140AMP 1CB ","","","113036,73","27/03/2026","165000","OPN30C"
"PO02AL","POLEA","ALTERNADOR","POLEA ALT BOSCH 140AMP 2CA ","","","","","160000","OPN21A"
"PO03AL","POLEA","ALTERNADOR","POLEA ALT BOSCH 140AMP 2CB ","","","","","180000","OPN30"
"PO04AL","POLEA","ALTERNADOR","POLEA ALT BOSCH 150AMP 2CA ","","","","","200000",""
"PO06AL","POLEA","ALTERNADOR","POLEA ALT BOSCH 80AMP 1CB  MZ PEQ","","","","","120000","OPN145"
"PO07AL","POLEA","ALTERNADOR","POLEA ALT BOSCH 80AMP 2CA ","","","","","160000",""
"PO01CM","POLEA","COMPRESOR","POLEA COMPRESOR FK40  ","","","","","800000",""
"PO02CM","POLEA","COMPRESOR","POLEA COMPRESOR FK40 2CB ","","","","","1000000",""
"PO03CM","POLEA","COMPRESOR","POLEA COMPRESOR TM31 2CA ","","","","","275000",""
"PO04CM","POLEA","COMPRESOR","POLEA COMPRESOR TM31 2CB ","","","","","230000",""
"PO05CM","POLEA","COMPRESOR","POLEA COMPRESOR TM31 MC ","","","","","",""
"PO01PA","POLEA","PATIN","POLEA PATIN CA","","","","","70000",""
"PO02PA","POLEA","PATIN","POLEA PATIN CB ALTERNADOR ","","","","","190000",""
"PO03PA","POLEA","PATIN","POLEA PATIN CB COMPRESOR ","","","","","190000",""
"PO01RE","POLEA","RECTIFICADA","POLEA RECTIFICADA DISCO CLUTCH FK40","","","","","250000",""
"PO02RE","POLEA","RECTIFICADA","POLEA RECTIFICADA TORNO  ","","","","","",""
"RD01AL","RODAMIENTO","ALTERNADOR","RODAMIENTO ALT BOSCH DLTR","","","","","75000",""
"RD02AL","RODAMIENTO","ALTERNADOR","RODAMIENTO ALT BOSCH DLTR","","","","","75000",""
"RD03AL","RODAMIENTO","ALTERNADOR","RODAMIENTO ALT BOSCH TRSR","","","","","90000",""
"RD04AL","RODAMIENTO","ALTERNADOR","RODAMIENTO ALT BOSCH TRSR 80/110","","","","","35000",""
"RD01PO","RODAMIENTO","POLEA","RODAMIENTO POLEA PATIN  ","","","","","45000",""
"RD02PO","RODAMIENTO","POLEA","RODAMIENTO POLEA TENSOR  ","","","","","42000",""
"RD01","RODAMIENTO","RODAMIENTO","RODAMIENTO 5210   ","2","","","","365000",""
"RD02","RODAMIENTO","RODAMIENTO","RODAMIENTO 6003   ","","","","","","60032RSC3K"
"RD03","RODAMIENTO","RODAMIENTO","RODAMIENTO 608   ","","RODAMEC SAS","8330","15/05/2026","16000","RODAMIENTOS RIGIDOS DE BOLAS 608-2RSC3 NTN"
"RD04","RODAMIENTO","RODAMIENTO","RODAMIENTO 6202   ","","","","","",""
"RD05","RODAMIENTO","RODAMIENTO","RODAMIENTO 6203   ","","","","","25000",""
"RD06","RODAMIENTO","RODAMIENTO","RODAMIENTO 6205   ","","","","","45000",""
"RD07","RODAMIENTO","RODAMIENTO","RODAMIENTO 6210   ","10","RODAMEC SAS","69020","15/05/2026","110000","RODAMEINTO RIGIDO DE BOLAS 6210-2RSC3 KOYO"
"RD08","RODAMIENTO","RODAMIENTO","RODAMIENTO 6303   ","4","","","","",""
"RD09","RODAMIENTO","RODAMIENTO","RODAMIENTO 6305   ","","","","","50000",""
"RD10","RODAMIENTO","RODAMIENTO","RODAMIENTO 6306   ","","","","","68000",""
"RD11","RODAMIENTO","RODAMIENTO","RODAMIENTO BITZER   ","","","","","",""
"RD12","RODAMIENTO","RODAMIENTO","RODAMIENTO CIGUEÑAL FK40  ","","","","","",""
"RB01","RUBATEX","RUBATEX","RUBATEX    ","","","","","20000",""
"SL01","SILICA","SILICA","SILICA DUSTER   ","","","","","30000",""
"SL02","SILICA","SILICA","SILICA MASTER   ","","","","","30000",""
"SU02MT","SUJECIONES","METALICO","ABRAZADERA METALICA 10-16MM","","","","","",""
"SU03MT","SUJECIONES","METALICO","ABRAZADERA METALICA 12-20MM","","","","","",""
"SU04MT","SUJECIONES","METALICO","ABRAZADERA METALICA 16-27MM","","","","","",""
"SU05MT","SUJECIONES","METALICO","ABRAZADERA METALICA 21-38MM","","","","","",""
"SU01MT","SUJECIONES","METALICO","ABRAZADERA METALICA 8-16MM","","","","","",""
"SU01PL","SUJECIONES","PLASTICO","AMARRE PLASTICO GRD","","","","","1000",""
"SU02PL","SUJECIONES","PLASTICO","AMARRE PLASTICO MED","","","","","500",""
"SU03PL","SUJECIONES","PLASTICO","AMARRE PLASTICO PEQ","","","","","",""
"TR01CH","TORNILLOS","CHAVETA","CHAVETA 6MM   ","","","","","",""
"TR02CH","TORNILLOS","CHAVETA","CHAVETA 8MM   ","","","","","",""
"TR03CH","TORNILLOS","CHAVETA","TORNILLO CHAVETA 6MM","","","","","6000",""
"TR04CH","TORNILLOS","CHAVETA","TORNILLO  CHAVETA 8MM  ","","","","","6000",""
"TR01ST","TORNILLOS","SOPORTE TAPA","PESA SOPORTE TAPA  ","","","","","10000",""
"TR02ST","TORNILLOS","SOPORTE TAPA","PESA Y TORNILLO SOPORTE TAPA","","","","","15000",""
"TR03ST","TORNILLOS","SOPORTE TAPA","SOPORTE TAPA COMPLETO  ","","","","","40000",""
"TR04ST","TORNILLOS","SOPORTE TAPA","TORNILLO SOPORTE TAPA  ","","","","","5000",""
"TR01TS","TORNILLOS","TRANSAIRE","TORNILLO 10MM X 100","","TRANSAIRE S.A.S.","","","",""
"TR02TS","TORNILLOS","TRANSAIRE","TORNILLO 10MM X 130","","TRANSAIRE S.A.S.","","","",""
"TR03TS","TORNILLOS","TRANSAIRE","TORNILLO 10MM X 160","","TRANSAIRE S.A.S.","","","",""
"TR04TS","TORNILLOS","TRANSAIRE","TORNILLO 10MM X 30","","TRANSAIRE S.A.S.","","","",""
"TR05TS","TORNILLOS","TRANSAIRE","TORNILLO 10MM X 35","","TRANSAIRE S.A.S.","","","",""
"TR06TS","TORNILLOS","TRANSAIRE","TORNILLO 10MM X 40","","TRANSAIRE S.A.S.","","","",""
"TR07TS","TORNILLOS","TRANSAIRE","TORNILLO 10MM X 50","","TRANSAIRE S.A.S.","","","",""
"TR08TS","TORNILLOS","TRANSAIRE","TORNILLO 10MM X 60","","TRANSAIRE S.A.S.","","","",""
"TR09TS","TORNILLOS","TRANSAIRE","TORNILLO 12MM X 120","","TRANSAIRE S.A.S.","","","",""
"TR10TS","TORNILLOS","TRANSAIRE","TORNILLO 12MM X 130","","TRANSAIRE S.A.S.","","","",""
"TR11TS","TORNILLOS","TRANSAIRE","TORNILLO 12MM X 160","","TRANSAIRE S.A.S.","","","",""
"TR12TS","TORNILLOS","TRANSAIRE","TORNILLO 12MM X 30","","TRANSAIRE S.A.S.","","","",""
"TR13TS","TORNILLOS","TRANSAIRE","TORNILLO 12MM X 50","","TRANSAIRE S.A.S.","","","",""
"TR14TS","TORNILLOS","TRANSAIRE","TORNILLO 14MM X 150","","TRANSAIRE S.A.S.","","","",""
"TR01VR","TORNILLOS","VARIOS","TORNILLO BRISTOL   ","","","","","",""
"TR02VR","TORNILLOS","VARIOS","TORNILLO HEXAGONAL   ","","","","","","FTC198"
"TR03VR","TORNILLOS","VARIOS","TORNILLO PASANTE   ","","","","","",""
"TR04VR","TORNILLOS","VARIOS","TORNILLO PUNTABROCA   ","","","","","",""
"TB01CO","TUBO","COBRE","TUBO COBRE 1""","","","","","91000",""
"TB02CO","TUBO","COBRE","TUBO COBRE 1"" 1/18","","","","","85000",""
"TB03CO","TUBO","COBRE","TUBO COBRE 1/2  ","","","","","26000",""
"TB04CO","TUBO","COBRE","TUBO COBRE 1/4  ","","","","","13000",""
"TB05CO","TUBO","COBRE","TUBO COBRE 3/4  ","","","","","50000",""
"TB06CO","TUBO","COBRE","TUBO COBRE 3/8  ","","","","","19000",""
"TB07CO","TUBO","COBRE","TUBO COBRE 5/16  ","","","","","20000",""
"TB08CO","TUBO","COBRE","TUBO COBRE 5/8  ","","","","","65000",""
"TB09CO","TUBO","COBRE","TUBO COBRE 7/8  ","","","","","64000",""
"TU01","TUERCAS","TUERCAS","TUERCA 1/2   ","","","","","6000",""
"TU02","TUERCAS","TUERCAS","TUERCA 1/4   ","","","","","4000","FTT66"
"TU03","TUERCAS","TUERCAS","TUERCA 3/16   ","","","","","500","FTT31"
"TU04","TUERCAS","TUERCAS","TUERCA 3/8   ","","","","","5000",""
"TU05","TUERCAS","TUERCAS","TUERCA 5/16   ","","","","","3000",""
"TU06","TUERCAS","TUERCAS","TUERCA 5/8   ","","","","","8000",""
"HR06","HERRAJES","HERRAJES","TUERCA EJE ROSCADA","","TRANSAIRE S.A.S.","","","25000","ZBY34A"
"UN01CO","UNION","COBRE","UNION COBRE 1"" 1/8  ","","","","","12000",""
"UN02CO","UNION","COBRE","UNION COBRE 1/2  ","","","","","4000",""
"UN03CO","UNION","COBRE","UNION COBRE 3/4  ","","","","","8000",""
"UN04CO","UNION","COBRE","UNION COBRE 3/8  ","","","","","7000",""
"UN05CO","UNION","COBRE","UNION COBRE 5/8  ","","","","","7000",""
"UN06CO","UNION","COBRE","UNION COBRE 7/8  ","","","","","10000",""
"UN01TR","UNION","TRANSAIRE","UNION 1/2 CON SERVICIO  ","","","","","160000",""
"UN02TR","UNION","TRANSAIRE","UNION 1/2 SIN SERVICIO  ","","","","","87000",""
"UN03TR","UNION","TRANSAIRE","UNION 5/8 CON SERVICIO  ","","","","","150000",""
"UN04TR","UNION","TRANSAIRE","UNION 5/8 SIN SERVICIO  ","","","","","78000",""
"UN01UT","UNION","UNION T","UNION T COBRE 1"" 1/8  ","","","","","24000",""
"UN02UT","UNION","UNION T","UNION T COBRE 1/2  ","","","","","6000",""
"UN03UT","UNION","UNION T","UNION T COBRE 3/4  ","","","","","12000",""
"UN04UT","UNION","UNION T","UNION T COBRE 3/8  ","","","","","8000",""
"UN05UT","UNION","UNION T","UNION T COBRE 5/8  ","","","","","10000",""
"UN06UT","UNION","UNION T","UNION T COBRE 7/8  ","","","","","16000",""
"VL01EX","VALVULA","BLOQUE","VALVULA EXP BLOQUE","","","","","140000",""
"VL01CO","VALVULA","COMPRESOR","VALVULA MANIFOLD COMP FK40","","","","","200000",""
"VL02CO","VALVULA","COMPRESOR","VALVULA COMPRESOR RENAULT MASTER","","","","","90000",""
"VL02EX","VALVULA","EXPANSION","VALVULA EXP SCANIA DLTR","","","","","140000",""
"VL03EX","VALVULA","EXPANSION","VALVULA EXP DUSTER","","","","","200000",""
"VL04EX","VALVULA","EXPANSION","VALVULA EXP HINO","","","","","140000",""
"VL05EX","VALVULA","EXPANSION","VALVULA EXP MANIFOLD","","","","","190000",""
"VL06EX","VALVULA","EXPANSION","VALVULA EXP MASTER DLTR","","","","","200000",""
"VL07EX","VALVULA","EXPANSION","VALVULA EXP MASTER TRSR","","","","","140000",""
"VL08EX","VALVULA","EXPANSION","VALVULA EXP MERCEDES 515 DLTR","","","","","160000",""
"VL09EX","VALVULA","EXPANSION","VALVULA EXP MERCEDES 515 TRSR","","","","","160000",""
"VL10EX","VALVULA","EXPANSION","VALVULA EXP PASO","","","","","215000",""
"VL11EX","VALVULA","EXPANSION","VALVULA EXP R-134 DANFOSS","4","","","","390000",""
"VL12EX","VALVULA","EXPANSION","VALVULA EXP R-404 DANFOSS","","","","","450000",""
"VL13EX","VALVULA","EXPANSION","VALVULA EXP SERVICIO","","","","","3000",""
"VL14EX","VALVULA","EXPANSION","VALVULA EXP UNIVERSAL","","","","","70000",""
"VL15EX","VALVULA","EXPANSION","VALVULA EXP YUTONG 4.5 TN","","","","","620000",""
"VL01OR","VALVULA","ORIFICIOS","ORIFICIO 03 DANFOSS","3","TRANSAIRE S.A.S.","","","130000","RVA20"
"VL02OR","VALVULA","ORIFICIOS","ORIFICIO 04 DANFOSS","4","TRANSAIRE S.A.S.","","","130000","RVA34"
"VL03OR","VALVULA","ORIFICIOS","ORIFICIO 05 DANFOSS","5","TRANSAIRE S.A.S.","85200","15/05/2026","130000","RVA35"
"VL04OR","VALVULA","ORIFICIOS","ORIFICIO 06 DANFOSS","7","TRANSAIRE S.A.S.","","","130000","RVA22"
"VL01","VALVULA","VALVULA","VALVULA DE PASO","","","","","",""
"VL02","VALVULA","VALVULA","VALVULA DE SERVICIO","","","","","",""
"VL03","VALVULA","VALVULA","VALVULA SOLENOIDE","","","288021,85","27/03/2026","415000","RVA24"
"YM03","YUMBOLO","YUMBOLO","YUMBOLO QRX30   ","","","","","60000",""
"YM02","YUMBOLO","YUMBOLO","YUMBOLO QRX40   ","","","","","60000",""
"YM01","YUMBOLO","YUMBOLO","YUMBOLO X METRO   ","","","","","25000",""
"EL04TE","ELECTRICO","TARJETA ELEC","SOPORTE PORTA RELAY","","","","","120000",""
"SK01","SIKAFLEX","SIKAFLEX","SIKAFLEX GRD","","","","","35000",""
"SK02","SIKAFLEX","SIKAFLEX","SIKAFLEX PEQ","","","","","28000",""
"SO02VA","SOLDADURA","VARILLAS","VARILLA SOLDADURA BRONCE","","","","","4500",""
"SO03VA","SOLDADURA","VARILLAS","VARILLA SOLDADURA PLATA","","INVERPRIMOS S.A.S.","1600","21/05/2026","3000","480-0016"
"SO01VA","SOLDADURA","VARILLAS","VARILLA SOLDADURA ALUMINIO","","","","","2500",""
"HR07","HERRAJES","HERRAJES","TORNILLO EJE ROSCADO","","TRANSAIRE S.A.S.","","","25000","FTG76"
"HR08","HERRAJES","HERRAJES","BUJE SEPARADOR 12MM","","TRANSAIRE S.A.S.","","","15000","ZBY33A"
"HR09","HERRAJES","HERRAJES","BUJE DOBLE PERFORACION","","TRANSAIRE S.A.S.","","","30000","ZBY114"
"HR10","HERRAJES","HERRAJES","TORNILLO TENSOR FK CON BUJE","","TRANSAIRE S.A.S.","","","50000","SHZ153"
"PO08AL","POLEA","ALTERNADOR","POLEA ALT BOSCH 50/110AMP 2CA","","","","","125000","OPN95Z"
"HR11","HERRAJES","HERRAJES","SOPORTE ALT BOSCH 140 AMP","","TRANSAIRE S.A.S.","","","","SHZ150Z"
"HR12","HERRAJES","HERRAJES","BANDERIN","","TRANSAIRE S.A.S.","7700","28/03/2026","","ZLY15Z"
"HR13","HERRAJES","HERRAJES","TENSOR BANDERIN","","TRANSAIRE S.A.S.","26373","12/03/2026","","THB111Z"
"HR14","HERRAJES","HERRAJES","SOPORTE BANDERIN","","TRANSAIRE S.A.S.","33552","28/05/2026","","SHZ151Z"
"HR15","HERRAJES","HERRAJES","BANDERIN COMPLETO","","THERMO AIR S.A.S.","","","",""
"PN18EV","PANALES","EVAPORADOR","PANAL EVAPORADOR DUSTER TURBO","","NEVADA","","","270000","1915K0501-A"
"PO05AL","POLEA","ALTERNADOR","POLEA ALT BOSCH 80AMP 1CB  FRR","","","","","220000","OPN119Z"
"YM04","YUMBOLO","YUMBOLO","YUMBOLO WPLUS","","","","","90000",""
"EL15TM","ELECTRICO","TERMINAL","TERMINAL POTENCIA","","","","","1000",""
"HR16","HERRAJES","HERRAJES","BASE COMPRESOR TM31 FRR","","TRANSAIRE S.A.S.","187577","4/06/2026","","DHB135Z"
"EL01TH","ELECTRICO","TERMOSTATO","TERMOSTATO UNIVERSAL","","","","","25000",""
"PO09AL","POLEA","ALTERNADOR","POLEA ALT BOSCH 150AMP 1CB","","","","","200000",""
"RA01","RACOR","RACOR","RACOR BRONCE 3/8","","","","","",""
"RA02","RACOR","RACOR","RACOR BRONCE 5/8","","","","","",""
"RA03","RACOR","RACOR","RACOR BRONCE 3/4","","","","","",""
"RA04","RACOR","RACOR","RACOR BRONCE 7/8","","","","","",""
"RA05","RACOR","RACOR","RACOR BRONCE 1 1/8","","","","","",""
"TR05VR","TORNILLOS","VARIOS","TORNILLO 3/16 X 1 COMPL","","","","","1000",""
"MT07BL","MOTOR","BLOWER","MOTOR BLOWER CHEVROLET D-MAX","","","","","320000",""
"MT08BL","MOTOR","BLOWER","MOTOR BLOWER CHEVROLET D-MAX","","","","","320000",""
"AP01MF","ACOPLE","MANULI FLANCHE","ACOPLE 1 1/8 RECTO MANULI FLANCHE","","","","","180000",""
"EL08FU","ELECTRICO","FUSIBLE","FUSIBLE 100 AMP","","","25000","20/06/2026","35000",""
"MN01DR","MANGUERA","DRENAJE","DRENAJE INOXIDABE","","","","","","DAF85"
"RM01","REMACHE","REMACHE","REMACHE 3/16","","","","","500",""
"HR17","HERRAJES","HERRAJES","KIT BASE Y TENSOR MERCEDES ATEGO","","TRANSAIRE S.A.S.","","","595000",""
"RF01","REFRIGERACION","REFRIGERACION","MOTOR EVAP/COND 12VLT DONGING SPAL","","TRANSAIRE S.A.S.","202800","9/06/2026","360000","VSE07"
"AL07PD","ALTERNADOR","PORTADIODO","PRUEBA PRUEBA","","","","","456258",""
"OR13","ORING","ORING","ORING HINO","0","","","","2000",""
"TR15TS","TORNILLOS","TRANSAIRE","TORNILLO 8MM X 100","0","TRANSAIRE","","","5000",""
"TR06VR","TORNILLOS","VARIOS","TORNILLO 8MM X 25","0","","","","2000",""
"CM21PS","COMPRESOR","PISTON","JUEGO ANILLOS PISTON FK-40 /470","0","","","","187000",""
"PO10AL","POLEA","ALTERNADOR","POLEA ALT BOSCH 140AMP 2CB VOLVO","0","","143326","22/06/2026","220000","OPN111"
"TU07","TUERCAS","TUERCAS","TUERCA FLER","0","","","","3000",""
